201-	201772.1587__ompF__Escherichia_coli_K12_	201812.0001__ompF__Escherichia_coli_AE014075_
2017-	2017116.202819__DHA_16	2017116.202921__DHA_10	2017116.20325__DHA_20	201712.201351__MOR_2	201712.201656__DHA_6	201713.184116__DHA_3	201713.184142__DHA_1	201713.191645__DHA_21	201713.193226__DHA_7	201714.181225__DHA_5	201715.191628__DHA_15	201715.19176__DHA_13	201715.192444__DHA_17	201715.192753__DHA_14	201715.193126__DHA_12	201716.7258__DHA_18	201716.81046__DHA_22	201772.144714__DHA_19
2017-_1	2017116.20026__TEM_89	2017116.20054__TEM_215	2017116.20135__TEM_90	2017116.201814__TEM_214	2017116.20193__TEM_205	2017116.202241__TEM_22	2017116.20238__TEM_192	2017116.2024__TEM_216	2017116.202813__TEM_169	2017116.202843__TEM_129	2017116.20957__TEM_219	2017119.18731__TEM_1	201712.201015__TEM_144	201712.201125__TEM_158	201712.20113__TEM_155	201712.201142__TEM_92	201712.201211__TEM_98	201712.20127__TEM_49	201712.201449__TEM_6	201712.201717__TEM_168	201712.201747__TEM_33	201712.20848__TEM_79	201713.182924__TEM_142	201713.182958__TEM_133	201713.18338__TEM_190	201713.183455__TEM_208	201713.183558__TEM_176	201713.183637__TEM_145	201713.183815__TEM_201	201713.18415__TEM_11	201713.184329__TEM_30	201713.184355__TEM_1	201713.18435__TEM_164	201713.184434__TEM_185	201713.184452__TEM_151	201713.184518__TEM_71	201713.18459__TEM_54	201713.184623__TEM_70	201713.18466__TEM_138	201713.18483__TEM_114	201713.18493__TEM_160	201713.185214__TEM_113	201713.185259__TEM_108	201713.185312__TEM_81	201713.185347__TEM_156	201713.185352__TEM_68	201713.185432__TEM_107	201713.185441__TEM_146	201713.185546__TEM_2	201713.185559__TEM_80	201713.185648__TEM_194	201713.185732__TEM_87	201713.185948__TEM_28	201713.19015__TEM_101	201713.191038__TEM_188	201713.191137__TEM_125	201713.191147__TEM_60	201713.191227__TEM_211	201713.191245__TEM_17	201713.191313__TEM_20	201713.191317__TEM_129	201713.191429__TEM_163	201713.191443__TEM_167	201713.19151__TEM_147	201713.191653__TEM_171	201713.19168__TEM_109	201713.191854__TEM_116	201713.19194__TEM_187	201713.192021__TEM_154	201713.192131__TEM_55	201713.192234__TEM_102	201713.192329__TEM_24	201713.192446__TEM_128	201713.192451__TEM_52	201713.192512__TEM_10	201713.192517__TEM_198	201713.192538__TEM_193	201713.192613__TEM_159	201713.192836__TEM_207	201713.192856__TEM_197	201713.19286__TEM_209	201713.1929__TEM_149	201713.19317__TEM_122	201713.193246__TEM_110	201713.193337__TEM_115	201713.193744__TEM_91	201713.194036__TEM_77	201713.19417__TEM_88	201713.1941__TEM_206	201713.194317__TEM_104	201713.19437__TEM_48	201713.19443__TEM_141	201713.1966__TEM_112	201713.19815__TEM_34	201713.1981__TEM_186	201713.19833__TEM_166	201713.19842__TEM_8	201713.19851__TEM_53	201713.19856__TEM_105	201714.18101__TEM_135	201714.181312__TEM_189	201714.18137__TEM_136	201714.181441__TEM_148	201714.18172__TEM_126	201714.181834__TEM_152	201714.181844__TEM_97	201714.181938__TEM_150	201714.182041__TEM_183	201714.182046__TEM_94	201714.182157__TEM_120	201714.182451__TEM_82	201714.182539__TEM_86	201714.182718__TEM_15	201714.183116__TEM_182	201714.183323__TEM_43	201714.183358__TEM_83	201714.18366__TEM_29	201714.183746__TEM_12	201714.183811__TEM_123	201714.183825__TEM_177	201714.183854__TEM_157	201714.18401__TEM_131	201714.184328__TEM_78	201714.184345__TEM_127	201714.184516__TEM_139	201714.185037__TEM_67	201714.185048__TEM_84	201714.18513__TEM_95	201714.18533__TEM_132	201714.185436__TEM_178	201714.185447__TEM_116	201714.185635__TEM_3	201714.185651__TEM_47	201714.185712__TEM_121	201714.185845__TEM_130	201714.185925__TEM_162	201714.185946__TEM_76	201714.18948__TEM_124	201714.19013__TEM_72	201714.19102__TEM_143	201714.191056__TEM_57	201714.19141__TEM_99	201714.19152__TEM_93	201714.19242__TEM_63	201714.19339__TEM_195	201714.19344__TEM_96	201714.19526__TEM_106	201714.19635__TEM_153	201714.19715__TEM_137	201714.19725__TEM_134	201714.19816__TEM_85	201714.19857__TEM_111	201714.1993__TEM_16	201715.191122__TEM_118	201715.191133__TEM_199	201715.19115__TEM_217	201715.191748__TEM_191	201715.191937__TEM_144	201715.192011__TEM_7	201715.192018__TEM_40	201715.19238__TEM_19	201715.192542__TEM_75	201715.192641__TEM_4	201715.19264__TEM_220	201715.192941__TEM_128	201715.193047__TEM_42	201716.7252__TEM_184	201716.72928__TEM_21	201716.72951__TEM_213	201716.81347__TEM_117	201716.81428__TEM_196	201772.142948__TEM_45	201787.00002__TEM_35
2017-_10	201713.185856__OXA_46	201714.184323__OXA_118	201714.185118__OXA_205	201772.14014__OXA_119
2017-_11	2017124.151901__mcr_1.4	2017124.154301__mcr_1.5	201713.19726__mcr_1.2	201714.18354__mcr_1	201779.00001__mcr_1.3	201779.00005__mcr_1.6	201779.00009__mcr_1.7
2017-_12	2017116.201917__aph_3PRIME__VI	201714.181452__aph_3PRIME__VIb	201772.151824__aph_3PRIME__VIa
2017-_13	201712.201531__IMP_43	201713.185935__IMP_6	201713.19102__IMP_10	201713.19143__IMP_40	201713.192113__IMP_34	201713.192618__IMP_42	201713.193749__IMP_15	201713.193845__IMP_5	201714.19136__IMP_7	201714.19324__IMP_28	201714.19949__IMP_30	201715.19151__IMP_1	201715.19217__IMP_51	201772.15385__IMP_3
2017-_14	2017116.192332__cat	2017116.20251__cat_TC	201713.185148__cat_pC194_	201772.144147__cat
2017-_15	2017116.201558__QnrB45	2017116.202124__QnrB54	2017116.202625__QnrB43	2017116.202717__QnrB41	2017116.2042__QnrB26	2017116.2087__QnrB44	2017119.173414__QnrB1b	201712.201052__QnrB48	201712.201117__QnrB2	201712.20119__QnrB17	201712.20745__QnrB19	201712.20954__QnrB66	201713.182912__QnrB17	201713.18292__QnrB59	201713.183624__QnrB47	201713.184833__QnrB72	201713.184957__QnrB5	201713.18501__QnrB1	201713.185031__QnrB20like	201713.18511__QnrB50	201713.185759__QnrB16	201713.19028__QnrB64	201713.191545__QnrB68	201713.19173__QnrB23	201713.191841__QnrB32	201713.19185__QnrB15	201713.192118__QnrB56	201713.192215__QnrB10	201713.192812__QnrB62	201713.192821__QnrB29	201713.194136__QnrB58	201713.194223__QnrB13	201713.19624__QnrB14	201713.1999__QnrB13	201714.18157__QnrB13	201714.181622__QnrB67	201714.181637__QnrB3	201714.181755__QnrB49	201714.182256__QnrB24	201714.182549__QnrB6	201714.18262__QnrB70	201714.18263__QnrB61	201714.18282__QnrB71	201714.18395__QnrB29	201714.185243__QnrB57	201714.185458__QnrB42	201714.185523__QnrB54	201714.185527__QnrB31	201714.185556__QnrB18	201714.19029__QnrB10	201714.1905__QnrB20	201714.19852__QnrB36	201715.193139__QnrB9	201716.72658__QnrB74	201716.7275__QnrB40	201772.144131__QnrB30	201772.145254__QnrB7
2017-_16	2017116.202946__cat	2017119.175232__cat	201713.182859__catA1	201772.143815__cat
2017-_17	201712.201257__QnrA4	201713.19389__QnrA7	201714.181536__QnrA1	201714.182318__QnrA6	201714.183249__QnrA5	201714.191042__QnrA3	201772.14243__QnrA2
2017-_18	201713.183845__catB3	201716.81434__catB3	201780.00001__catB3
2017-_19	2017116.20049__aac_6PRIME__Ib	2017116.201247__aac_3__IIa	2017116.20199__aac_6PRIME__Ib_Hangzhou	2017116.20278__aadA6_aadA10	2017116.20952__aac_6PRIME__Ib	2017119.18351__aac_6PRIME__IbPRIME	201712.2091__aac_6PRIME__Ib	201713.183024__aac_6PRIME_Ib_cr	201713.184944__ant_3PRIMEPRIME__Ih_aac_6PRIMEPRIME__IId	201713.191123__aadA11	201713.19428__aacA4	201713.19735__aadA6	201714.182657__aac_6PRIME_Ib_cr	201714.1832__aac_6PRIME_Ib_cr	201715.191056__aac_6PRIME__Ib10	201715.192936__aac_6PRIME__IbPRIME	201715.19325__aac_6PRIME__Ib9	201716.73011__aac_6PRIME__IId	201716.81056__aac_6PRIME__Ib	201772.145629__aac_6PRIME__Ib4
2017-_2	2017116.20143__CTX_M_107	2017116.201717__CTX_M_157	2017116.20205__CTX_M_109	2017116.202345__CTX_M_158	201712.201027__CTX_M_1	201712.201359__CTX_M_34	201712.201756__CTX_M_58	201712.20725__CTX_M_142	201713.183416__CTX_M_37	201713.183837__CTX_M_69	201713.184137__CTX_M_10	201713.18437__CTX_M_33	201713.184557__CTX_M_55	201713.184724__CTX_M_36	201713.18477__CTX_M_66	201713.185223__CTX_M_15	201713.185458__CTX_M_103	201713.18552__CTX_M_3	201713.1905__CTX_M_62	201713.191156__CTX_M_96	201713.191326__CTX_M_12	201713.191357__CTX_M_80	201713.191613__CTX_M_52	201713.191725__CTX_M_53	201713.191947__CTX_M_68	201713.192942__CTX_M_117	201713.193221__CTX_M_89	201713.19365__CTX_M_60	201713.194141__CTX_M_28	201713.194147__CTX_M_139	201713.194429__CTX_M_116	201713.1961__CTX_M_32	201713.19632__CTX_M_30	201714.181556__CTX_M_114	201714.181724__CTX_M_29	201714.181959__CTX_M_54	201714.18213__CTX_M_82	201714.183229__CTX_M_101	201714.183423__CTX_M_23	201714.18349__CTX_M_132	201714.184154__CTX_M_88	201714.184334__CTX_M_22	201714.18471__CTX_M_71	201714.185421__CTX_M_61	201714.18562__CTX_M_136	201714.191144__CTX_M_42	201714.1912__CTX_M_79	201715.192216__CTX_M_156	201715.19221__CTX_M_108	201715.192233__CTX_M_11	201715.193253__CTX_M_144	201715.193333__CTX_M_155	201772.152046__CTX_M_72
2017-_20	201713.18405__fosB	201713.19628__fosB	201772.16451__FosB3
2017-_21	2017116.20544__OCH_1	201712.20844__OCH_8	201713.183243__OCH_4	201713.184619__OCH_3	201713.194344__OCH_6	201714.18333__OCH_5	201714.183849__OCH_7	201772.134127__OCH_2
2017-_22	2017116.192222__CMY_59	2017116.20121__CMY_115	2017116.201316__CMY_105	2017116.201459__CMY_50	2017116.20154__CMY_102	2017116.201636__CMY_90	2017116.202231__CMY_82	2017116.202252__CMY_113	2017116.20232__CMY_39	2017116.202648__CMY_86	2017116.20411__CMY_117	2017116.20416__CMY_29	2017116.20645__CMY_119	2017119.175119__CMY_85	201712.20142__CMY_26	201712.201713__CMY_5	201712.201912__CMY_18	201713.182749__CMY_40	201713.18286__CMY_36	201713.182954__CMY_27	201713.183118__CMY_28	201713.183123__CMY_79	201713.183127__CMY_22	201713.18314__CMY_64	201713.183213__CMY_37	201713.18329__CMY_45	201713.183438__CMY_6	201713.183524__CMY_80	201713.18353__CMY_16	201713.183541__CMY_99	201713.183658__CMY_7	201713.184224__CMY_41	201713.184855__CMY_47	201713.18498__CMY_20	201713.185052__CMY_32	201713.18514__LAT_1	201713.185326__CMY_55	201713.185338__CMY_58	201713.185538__CMY_62	201713.185653__CMY_51	201713.18588__CMY_67	201713.191034__CMY_44	201713.19159__BIL_1	201713.192633__CMY_94	201713.192642__CMY_2	201713.192752__CMY_35	201713.19277__CMY_46	201713.19281__CMY_42	201713.192921__CMY_84	201713.193012__CMY_23	201713.193141__CMY_31	201713.193151__CMY_81	201713.193323__CMY_78	201713.19339__CMY_63	201713.193545__CMY_65	201713.194015__CMY_21	201713.194122__CMY_72	201713.19423__CMY_43	201713.19446__CMY_75	201713.19642__CMY_69	201713.1986__CMY_73	201713.19949__CMY_4	201714.181036__CMY_56	201714.181521__CMY_66	201714.181627__CMY_49	201714.181819__CMY_77	201714.182323__CMY_17	201714.18238__CMY_104	201714.182424__CMY_39	201714.18244__CMY_33	201714.182615__CMY_14	201714.182653__CMY_38	201714.1826__CMY_24	201714.182849__CMY_71	201714.183051__CMY_110	201714.18305__CMY_53	201714.183434__CMY_74	201714.183711__CMY_25	201714.184032__CMY_70	201714.184125__CMY_48	201714.18442__CMY_61	201714.184547__CMY_68	201714.18483__CMY_54	201714.184932__CMY_95	201714.18518__CMY_34	201714.18563__CMY_13	201714.19217__CMY_76	201714.19412__CMY_15	201715.191139__CMY_103	201715.1913__CMY_57	201715.192123__CMY_112	201715.192616__CMY_12	201715.193215__CMY_101	201715.19363__CMY_116	201715.193715__CMY_30	201716.72315__CMY_60	201716.7241__CMY_118	201716.7273__CMY_87	201716.73031__CMY_108	201716.81112__CMY_111	201716.81139__CMY_114	201772.14573__CMY_83
2017-_23	201714.185013__ADC_25	201772.145749__ADC_2
2017-_24	201712.201847__FOX_5	201713.183049__FOX_1	201713.183941__FOX_7	201713.193719__FOX_8	201713.194354__FOX_9	201714.1964__FOX_4	201714.19741__FOX_10	201714.19954__FOX_3	201772.14024__FOX_2
2017-_3	2017116.2021__CTX_M_148	201712.201253__CTX_M_129	201712.2084__CTX_M_65	201713.183915__CTX_M_27	201713.184033__CTX_M_48	201713.184124__CTX_M_90	201713.184733__CTX_M_38	201713.184926__CTX_M_9	201713.185317__CTX_M_19	201713.185812__CTX_M_14	201713.191114__CTX_M_24	201713.191218__CTX_M_86	201713.191931__CTX_M_17	201713.192031__CTX_M_21	201713.192319__CTX_M_134	201713.192522__CTX_M_85	201713.192722__CTX_M_93	201713.19351__CTX_M_111	201713.193539__CTX_M_13	201713.193713__CTX_M_45	201713.19372__CTX_M_105	201713.193754__CTX_M_126	201713.19377__CTX_M_50	201713.193856__CTX_M_113	201713.193912__CTX_M_49	201713.194234__CTX_M_147	201713.194435__CTX_M_104	201713.19451__CTX_M_87	201714.181126__CTX_M_47	201714.181431__CTX_M_67	201714.181718__CTX_M_16	201714.182733__CTX_M_99	201714.182811__CTX_M_81	201714.183453__CTX_M_125	201714.183735__CTX_M_84	201714.184541__CTX_M_46	201714.185329__CTX_M_112	201714.1904__CTX_M_51	201714.1946__CTX_M_83	201714.19515__CTX_M_102	201714.19846__CTX_M_130	201715.19121__CTX_M_122	201715.19352__CTX_M_137	201716.72645__CTX_M_98	201716.72922__CTX_M_106	201716.81038__CTX_M_160	201772.1568__CTX_M_121
2017-_4	2017116.202441__CTX_M_159	2017119.1812__CTX_M_152	201712.20107__CTX_M_25	201713.185533__CTX_M_78	201713.19543__CTX_M_39	201714.1811__CTX_M_100	201714.18225__CTX_M_91	201714.184448__CTX_M_94	201714.18538__CTX_M_26	201714.191128__CTX_M_41	201715.193311__CTX_M_152	201772.15747__CTX_M_89
2017-_5	2017116.20943__OXA_1	201713.183741__OXA_1	201713.184825__OXA_47	201713.185754__OXA_31	201714.184531__OXA_4	201714.184943__OXA_224	201772.163924__OXA_320
2017-_6	201713.191734__OXA_237	201713.193359__OXA_235	201713.1938__OXA_236	201714.19537__OXA_360	201772.13501__OXA_278
2017-_7	2017116.192055__OXA_382	2017116.192157__OXA_387	2017116.192241__OXA_116	2017116.201016__OXA_426	2017116.201034__OXA_425	2017116.201155__OXA_314	2017116.20119__OXA_317	2017116.202114__OXA_384	2017116.202339__OXA_424	2017116.20714__OXA_338	2017116.20738__OXA_380	201712.201215__OXA_200	201712.201338__OXA_249	201712.201342__OXA_248	201712.20152__OXA_66like	201712.201635__OXA_371	201712.201721__OXA_66	201712.2019__OXA_121	201712.20733__OXA_108	201713.182754__OXA_110	201713.182929__OXA_93	201713.184046__OXA_95	201713.18412__OXA_87	201713.184246__OXA_88	201713.184259__OXA_106	201713.184425__OXA_51	201713.184842__OXA_219	201713.184913__OXA_100	201713.185018__OXA_80	201713.185035__OXA_108like	201713.185057__OXA_67	201713.18533__OXA_174	201713.18557__OXA_78	201713.185816__OXA_68	201713.185821__OXA_203	201713.185838__OXA_173	201713.18591__OXA_206	201713.19046__OXA_138	201713.19103__OXA_109	201713.191223__OXA_84	201713.191716__OXA_111	201713.19222__OXA_92	201713.19236__OXA_199	201713.19237__OXA_77	201713.192543__OXA_115	201713.193016__OXA_70	201713.193026__OXA_64	201713.193046__OXA_98	201713.19332__OXA_90	201713.19343__OXA_148	201713.19344__OXA_131	201713.19357__OXA_112	201713.193938__OXA_120	201713.193949__OXA_106like	201713.194213__OXA_223	201713.19744__OXA_117	201713.19945__OXA_177	201713.19954__OXA_208	201714.181142__OXA_217	201714.181252__OXA_69	201714.181257__OXA_132	201714.182136__OXA_149	201714.18224__OXA_99	201714.182414__OXA_180	201714.182445__OXA_86	201714.182739__OXA_79	201714.182912__OXA_202	201714.183023__OXA_75	201714.18329__OXA_76	201714.183419__OXA_51like	201714.18392__OXA_201	201714.184042__OXA_150	201714.18407__OXA_179	201714.184213__OXA_144	201714.18429__OXA_254	201714.184736__OXA_216	201714.184841__OXA_175	201714.184927__OXA_128	201714.18508__OXA_70like	201714.185127__OXA_83	201714.18523__OXA_178	201714.185427__OXA_94	201714.185442__OXA_89	201714.185727__OXA_107	201714.185758__OXA_91	201714.18588__OXA_113	201714.19035__OXA_71	201714.191015__OXA_208like	201714.19131__OXA_242	201714.19258__OXA_241	201714.19313__OXA_250	201714.19355__OXA_130	201714.19821__OXA_176	201714.19841__OXA_65	201715.191031__OXA_389	201715.191331__OXA_379	201715.191431__OXA_117	201715.191448__OXA_388	201715.19251__OXA_381	201715.19273__OXA_378	201715.192957__OXA_383	201715.193441__OXA_374	201715.193613__OXA_316	201715.19387__OXA_365	201715.1938__OXA_315	201715.1995__OXA_312	201716.72251__OXA_391	201716.72434__OXA_375	201716.72556__OXA_376	201716.72624__OXA_313	201716.7264__OXA_390	201716.7284__OXA_377	201716.81411__OXA_386	201716.81447__OXA_385	201772.14037__OXA_82	201772.1533__OXA_172
2017-_8	201712.201454__aph_3PRIME__Ia	201772.13543__aph_3PRIME__Ia
2017-_9	2017116.192153__NDM_14	201713.18295__NDM_4	201713.18427__NDM_13	201713.184316__NDM_5	201713.19436__NDM_10	201714.183042__NDM_3	201714.183245__NDM_7	201714.183349__NDM_8	201714.184631__NDM_9	201714.19625__NDM_12	201714.1975__NDM_1	201772.13425__NDM_2	201772.15247__NDM_17	201772.152931__NDM_6
20171-	2017116.201049__ACT_22	201713.183749__ACT_12
20171-_1	2017116.201544__CMY_100	2017116.20265__CMY_93	201714.19615__CFE_1
20171-_10	201713.183251__cfxA2	201713.1833__cfxA3	201713.193829__cfxA5	201714.18134__cfxA4	201714.19731__cfxA	201715.19204__cfxA2
20171-_100	201713.193435__IND_1	201714.184522__IND_7
20171-_101	2017116.202739__cat	2017116.202753__cat	201714.183931__cat
20171-_102	2017116.203157__QnrS8	201712.201347__QnrS4	201713.18461__QnrS5	201714.185512__QnrS1	201715.191238__QnrS7	201715.19304__QnrS9	201716.72327__QnrS3
20171-_103	201712.20143__QnrVC7	201713.193132__QnrVC4	201714.181814__QnrVC5
20171-_104	201713.185135__QnrVC3	201713.191952__QnrVC1	201716.7267__QnrVC6
20171-_105	201713.194424__QnrS6	201714.185717__QnrS2
20171-_106	2017116.192227__cat	2017116.202722__cat	2017119.17585__cat	201713.191349__cat_pC221_	201716.72845__cat	201716.8128__cat
20171-_107	201712.20831__QnrB65	201713.183858__QnrB12	201713.184729__QnrB34	201713.193122__QnrB69	201714.182545__QnrB22	201714.183946__QnrB4	201714.184159__QnrB11	201714.19542__QnrB37	201715.19131__QnrB55
20171-_108	201712.201318__QnrB33	201712.201548__QnrB21	201713.183045__QnrB8	201713.183239__QnrB27	201714.18571__QnrB28	201715.192144__QnrB73
20171-_109	201713.185852__QnrB38	201714.181734__QnrB60	201714.182713__QnrB25	201714.18959__QnrB35
20171-_11	2017116.201336__CARB_23	2017116.2015__CARB_19	2017116.202534__CARB_18	2017116.20327__CARB_22	201715.19191__CARB_17	201715.193225__CARB_20	201716.7239__CARB_21
20171-_110	201713.19364__QnrD	201715.19203__QnrD2
20171-_111	2017116.202326__catIII	201713.192244__catA3
20171-_112	2017119.17483__CatA2	201714.182125__catA2
20171-_113	201713.183715__fusB	201714.183527__fusB
20171-_114	2017119.174825__catD	201713.1845__catP
20171-_115	2017116.201549__catB2	201712.201228__catB2
20171-_116	2017119.174835__catB8	2017119.17549__cat	2017119.18152__catB8	201712.201155__catB8
20171-_117	201712.201412__fosA	201713.183554__fosA	201714.183046__fosA	201714.19024__fosA
20171-_118	2017119.175514__DfrA19	201713.183737__dfrA18
20171-_119	201713.19535__dfrA17	201714.18195__dfrA7	201714.19736__dfrA7
20171-_12	201713.184312__tet_Q_	201713.191712__tet_Q_	201713.192657__tet_Q_	201714.1963__tet_Q_
20171-_120	201713.192842__tet_K_	201714.1971__tet_K_
20171-_121	201713.183036__aac_6PRIME__31	201716.72945__aac_6PRIME__31
20171-_122	201713.193041__aac_6PRIME__Iaf	201714.181512__aac_6PRIME__Il	201714.184134__aac_6PRIME__Iq
20171-_123	201712.201639__tet_L_	201713.183144__tet_L_	201714.183353__tet_L_
20171-_124	201713.183546__ARR_6	201714.181943__ARR_3	201714.185915__ARR_2
20171-_125	201712.20938__tet_L_	201713.192136__tet_L_
20171-_126	2017116.202912__aac_3__Ia	201714.181131__aac_3__Ia	201715.191943__acc_1_
20171-_127	201713.191344__dfrD	201716.72514__dfrD
20171-_128	201712.201313__dfrA22	201713.19548__dfrA21	201714.182854__dfrA33	201714.184727__dfrA13
20171-_129	2017119.173426__dfrA14	201713.192315__dfrA14	201714.181612__dfrA14	201716.7255__dfrA14
20171-_13	2017116.1923__BcI	201715.192837__BLA1
20171-_130	201712.20194__dfrA16	201713.19302__dfrA16
20171-_131	201713.182851__dfrA15b	201714.18591__dfrA15
20171-_132	201713.184952__dfrA1	201714.181928__dfrA1	201714.182748__dfrA1
20171-_133	201713.19263__ARR_6like	201714.18424__ARR_6like
20171-_134	2017116.202653__aac_6PRIME__Ix	201713.182838__aac_6PRIME__Iu	201714.184139__aac_6PRIME__Is
20171-_135	201713.19914__aac_6PRIME__It	201714.184439__aac_6PRIME__Ih	201714.191123__aac_6PRIME__Iv
20171-_136	201715.193546__aac_6PRIME__Iy	201716.7282__aac_6PRIME__Iaa
20171-_137	201713.191527__fosA	201714.181151__fosA	201714.181447__fosA5	201714.1844__fosA
20171-_138	201714.18439__fosA3	201715.191436__FosA4
20171-_139	2017119.174923__aac_6PRIME__29a	2017119.174928__aac_6PRIME__29b	201714.185432__aacA29
20171-_14	2017119.175428__PER_1	201713.192947__PER_7	201714.181246__PER_4	201714.181646__PER_1	201714.18451__PER_3
20171-_140	2017119.17558__cmlA	2017119.175931__cmlA1	2017119.175936__cmlA6	2017119.175941__cmlA4	2017119.175945__cmlA5	201713.18307__cmlA1	201713.191927__cml	201714.1951__cmlA1
20171-_141	2017116.202519__dfrB1	201713.19828__dfrB1
20171-_142	201712.201856__dfrB5	201713.183512__dfrB6	201714.184647__dfrB8
20171-_143	201713.19241__tet_33_	201714.191046__tet_33_
20171-_144	2017116.2063__EF_Tu__Escherichia_coli_	201716.72244__EF_Tu__Escherichia_coli_
20171-_145	2017116.201617__phoP__Klebsiella_pneumoniae_	2017128.134401__phoP__Klebsiella_pneumoniae_
20171-_146	2017116.192119__tet40	201713.193918__tet_40_	201714.185932__tet_40_
20171-_147	2017119.18223__tetE	201712.201843__tet_E_	201713.191618__tet_E_
20171-_148	2017116.201746__floR	2017116.201755__floR	2017116.20835__floR	2017119.18129__floR	2017119.18135__floR	2017119.18139__floR	2017119.18144__floR	201713.19218__floR	201713.1933__floR	201715.193726__pp_flo	201716.81457__floR
20171-_149	201713.183053__tet_B_	201714.191118__tet_B_	201714.19158__tet_B_	201715.19129__tet_B_
20171-_15	2017119.175555__SulI	201712.201734__sul1	201713.183325__sul1	201713.183828__sul1	201713.184711__sul1	201713.185414__sul1	201713.191232__sul1	201713.191259__sul1	201713.192016__sul1	201713.192958__sul1	201713.193516__sul1	201713.19442__sul1	201713.19637__sul1	201714.182015__sul1	201714.182457__sul1	201714.183146__sul1	201714.183622__sul1	201714.183845__sul1	201714.184047__sul1	201714.185113__sul1	201714.19441__sul1
20171-_150	201712.2082__tet_H_	201713.18385__tet_H_	201713.184948__tet_H_	201714.18293__tet_H_
20171-_151	2017119.175358__TetA	201712.201138__tet_A_	201712.201146__tet_A_	201713.184715__tet_A_	201714.181345__tet_A_	201714.19212__tet_A_
20171-_152	201713.18521__tet_J_	201714.185411__tet_J_
20171-_153	2017116.192148__PDC_2	2017116.201945__PDC_3	2017116.20923__PDC_5	201713.19348__PDC_1	201714.185058__PDC	201714.185855__PDC_10	201715.19301__PDC_8	201715.193134__PDC_4	201716.72344__PDC_6	201716.7262__PDC_7	201716.7303__PDC_9
20171-_154	201713.182937__tet_C_	201714.184556__tet_C_	201714.184757__tet_C_
20171-_155	201713.192727__tet_39_	201715.19322__tet39
20171-_156	201713.18358__tet_G_	201714.184052__tet_G_	201714.18486__tet_G_	201714.185053__tet_G_
20171-_157	2017119.17567__cmx	201713.19272__cmx
20171-_158	201712.201057__tet_Y_	201714.184642__tet_Y_
20171-_159	201713.183317__ACC_1	201714.181713__ACC_2	201714.183214__ACC_4	201716.72532__ACC_5
20171-_16	201714.183219__aph_6__Ia	201716.81531__aph_6__Ia
20171-_160	201713.19199__tet_X_	201714.184318__tet_X_
20171-_161	201712.20169__MOX_7	201713.183733__MOX_5	201713.18432__MOX_6	201715.193116__MOX_8
20171-_162	201712.201743__MOX_4	201713.18316__CMY_1	201713.184447__MOX_1	201713.18599__MOX_3	201713.19245__CMY_8like	201713.192953__CMY_19	201713.193928__CMY_11	201713.19404__CMY_10	201714.182757__CMY_8	201714.184056__CMY_9	201714.185132__MOX_2
20171-_163	2017116.192255__ACT_18	2017116.201326__ACT_19	2017116.202024__ACT_37	2017116.202049__ACT_27	201712.201023__ACT_14	201713.182946__ACT_5	201713.191649__ACT_15	201714.18178__ACT_7	201715.191041__ACT_20	201715.19146__ACT_23	201715.191551__ACT_31	201715.192113__ACT_35	201715.192356__ACT_30	201715.19255__ACT_32	201715.192631__ACT_21	201715.192915__ACT_24	201715.193749__ACT_36	201716.72415__ACT_33	201716.72815__ACT_17	201716.72939__ACT_16	201716.81152__ACT_25
20171-_17	201712.20174__mph_A_	201714.1966__mph_A_
20171-_18	2017116.20059__CARB_2	201713.184011__CARB_2	201713.18413__CARB_1	201713.185639__CARB_6	201713.191142__CARB_12	201713.192747__CARB_11	201713.193959__CARB_3
20171-_19	201712.201523__optrA	201712.201821__optrA	201713.18311__optrA	201713.183429__optrA	201713.185144__optrA	201713.192352__optrA	201714.182641__optrA	201714.18324__optrA
20171-_2	2017116.201819__MIR_17	2017116.202157__ACT_29	2017116.20218__MIR_16	2017116.20344__ACT_4	2017119.18211__ACT_4	201712.201113__MIR_3	201713.182855__MIR_6	201713.184412__ACT_2	201713.19424__MIR_2	201714.181147__ACT_10	201714.181954__ACT_3	201714.183329__ACT_6	201714.184627__MIR_4	201714.191134__ACT_4	201714.19831__MIR_1	201714.19959__MIR_5	201715.191758__MIR_13	201715.192058__MIR_11	201715.192559__MIR_10	201715.19284__MIR_12	201716.73042__MIR_15	201716.73055__MIR_9	201716.73222__MIR_14	201716.81513__ACT_13
20171-_20	201714.18286__ant_6__Ia	201715.191128__aad_6_
20171-_21	201713.19557__aph_2PRIMEPRIME__Ie	201714.18413__aph_2PRIMEPRIME__Id
20171-_22	201713.184935__cepA_49	201713.19164__cepA_44	201714.184459__cepA	201714.184948__cepA	201714.185223__cepA
20171-_23	2017116.20854__aadA9	201713.185014__aadA9
20171-_24	2017119.175314__aac_3__VIa	201714.185319__aac_3__VIa
20171-_25	2017119.175318__aph_2PRIMEPRIME__IIa	201713.192628__aph_2PRIMEPRIME__Ib	201713.193328__aph_2PRIMEPRIME__Ib
20171-_26	201713.183537__VEB_8	201713.183824__VEB_5	201713.19059__VEB_1	201713.191132__VEB_4	201713.19223__VEB_7	201713.194116__VEB_6	201713.194228__VEB_2	201714.18135__VEB_1a	201714.18141__VEB_1b	201714.18272__VEB_3
20171-_27	2017116.192113__SHV_6	2017116.201054__SHV_119	2017116.201241__SHV_53	2017116.20124__SHV_3	2017116.20132__SHV_165	2017116.20134__SHV_162	2017116.201356__SHV_23	2017116.20146__SHV_25	2017116.20163__SHV_20	2017116.202044__SHV_183	2017116.20222__SHV_124	2017116.20228__SHV_1b	2017116.202544__SHV_152	2017116.202555__SHV_149	2017116.202837__SHV_148	2017116.20294__SHV_189	2017116.203226__SHV_153	2017116.203232__SHV_112	2017116.20421__SHV_151	2017116.20527__SHV_21	2017116.20538__SHV_19	2017116.20549__SHV_163	2017116.20719__SHV_155	2017116.2098__SHV_159	201712.201011__SHV_5	201712.201019__SHV_11	201712.20103__SHV_96	201712.20104__SHV_2	201712.201121__SHV_1	201712.201134__SHV_133	201712.20115__SHV_109	201712.201244__SHV_122	201712.20148__SHV_Sliquefaciens	201712.201519__SHV_55	201712.201527__SHV_82	201712.201613__SHV_85	201712.201622__SHV_57	201712.201851__SHV_31	201712.20754__SHV_99	201712.20823__SHV_43	201712.20942__SHV_178	201713.18274__SHV_40	201713.182941__SHV_28	201713.183028__SHV_94	201713.183114__SHV_5	201713.183351__SHV_164	201713.183446__SHV_101	201713.183641__SHV_45	201713.183654__SHV_33	201713.183728__SHV_108	201713.183754__SHV_105	201713.18377__SHV_61	201713.18382__SHV_142	201713.183911__SHV_121	201713.184015__SHV_92	201713.184024__SHV_50	201713.18402__SHV_24	201713.18417__SHV_51	201713.184228__SHV_62	201713.184254__SHV_34	201713.184456__SHV_132	201713.18448__SHV_71	201713.184513__SHV_42	201713.184553__SHV_89	201713.184838__SHV_110	201713.18494__SHV_48	201713.185153__SHV_12	201713.185219__SHV_27	201713.185241__SHV_9	201713.18526__SHV_93	201713.18545__SHV_2a	201713.185621__SHV_59	201713.185635__SHV_102	201713.19125__SHV_157	201713.191411__SHV_18	201713.191514__SHV_106	201713.191558__SHV_26	201713.191739__SHV_38	201713.192026__SHV_69	201713.192058__SHV_135	201713.192252__SHV_13	201713.192732__SHV_65	201713.192926__SHV_160	201713.193056__SHV_77	201713.193112__SHV_74	201713.19326__SHV_37	201713.193348__SHV_1b_b	201713.193419__SHV_56	201713.193424__SHV_173	201713.193454__SHV_100	201713.193656__SHV_29	201713.193943__SHV_66	201713.19397__SHV_52	201713.194157__SHV_179	201713.194254__SHV_161	201713.194334__SHV_95	201713.19717__SHV_78	201714.181031__SHV_72	201714.181041__SHV_7	201714.18112__SHV_104	201714.181215__SHV_36	201714.181743__SHV_60	201714.181749__SHV_80	201714.181948__SHV_168	201714.18212__SHV_103	201714.182228__SHV_67	201714.18227__SHV_8	201714.182328__SHV_129	201714.182358__SHV_143	201714.182518__SHV_70	201714.182723__SHV_120	201714.18284__SHV_76	201714.183111__SHV_5like	201714.18315__SHV_144	201714.1831__SHV_56	201714.183223__SHV_30	201714.18343__SHV_81	201714.183443__SHV_137	201714.183616__SHV_14	201714.18374__SHV_44	201714.1837__SHV_134	201714.183935__SHV_97	201714.184414__SHV_73	201714.184454__SHV_41	201714.184536__SHV_107	201714.184747__SHV_75	201714.184835__SHV_64	201714.184851__SHV_79	201714.184916__SHV_49	201714.185153__SHV_63	201714.185257__SHV_172	201714.185324__SHV_15	201714.185517__SHV_128	201714.185733__SHV_86	201714.19055__SHV_141	201714.191112__SHV_16	201714.19146__SHV_156	201714.19221__SHV_71	201714.194__SHV_98	201714.19655__SHV_35	201714.19755__SHV_46	201714.1981__SHV_145	201715.191011__SHV_182	201715.191249__SHV_22	201715.191315__SHV_32	201715.191455__SHV_185	201715.192051__SHV_181	201715.192415__SHV_140	201715.192426__SHV_186	201715.193327__SHV_111	201715.19341__SHV_187	201715.193514__SHV_158	201716.72338__SHV_150	201716.72752__SHV_154	201716.73145__SHV_147	201716.73243__SHV_188	201716.81244__SHV_125
20171-_28	201713.19513__mph_C_	201714.18295__mph_C_
20171-_29	2017116.20748__CARB_14	2017119.175131__CARB_16	201713.185254__CARB_10	201713.192239__CARB_5	201713.193257__CARB_8
20171-_3	2017119.17459__ACT_9	201713.184216__ACT_9	201715.192159__ACT_28
20171-_30	201715.192831__aac_6PRIME__29a	201716.72355__aac_6PRIME__29b
20171-_31	201713.18525__SFO_1	201713.192052__FONA_4	201713.194311__FONA_1	201713.19739__FONA_5	201714.182119__FONA_3	201714.184429__FONA_2	201714.185027__FONA_6
20171-_32	201713.183924__SME_1	201714.18231__SME_2	201714.18496__SME_3	201715.191843__SME_4	201715.193754__SME_5
20171-_33	2017116.20159__KPC_12	2017116.201838__KPC_17	2017116.20338__KPC_9	2017116.2074__KPC_22	201713.183041__KPC_16	201713.183313__KPC_10	201713.1854__KPC_13	201713.191128__KPC_3	201713.192041__KPC_6	201713.193354__KPC_11	201713.19552__KPC_1	201713.19958__KPC_4	201714.181234__KPC_8	201714.182052__KPC_2	201714.182646__KPC_5	201714.18391__KPC_13like	201714.18461__KPC_14	201714.184636__KPC_7	201714.18576__KPC_15	201715.192535__KPC_19	201715.19343__KPC_4
20171-_34	2017116.192123__IMI_7	2017116.20928__IMI_4	201712.201032__IMI_3	201713.182916__IMI_2	201713.184921__IMI_1	201714.185813__NMC_A
20171-_35	201713.194329__tet_44_	201714.185532__tet_44_
20171-_36	201712.201817__GOB_13	201712.20917__GOB_8	201713.183949__GOB_1	201713.184628__GOB_12	201713.19824__GOB_18	201714.183254__GOB_11	201714.183439__GOB_1	201714.183612__GOB_14	201714.184753__GOB_10	201714.1962__GOB_15	201714.19944__GOB_9
20171-_37	2017116.203133__CTX_M_115	201712.201643__CTX_M_43	201712.201826__CTX_M_56	201712.20721__CTX_M_131	201713.18282__CTX_M_124	201713.183953__CTX_M_44	201713.184233__CTX_M_2	201713.191536__CTX_M_20	201713.19243__CTX_M_97	201713.192831__CTX_M_92	201713.194323__CTX_M_59	201713.1943__CTX_M_4	201713.19712__CTX_M_77	201714.181318__CTX_M_95	201714.181457__CTX_M_7	201714.183334__CTX_M_31	201714.184027__CTX_M_76	201714.184224__CTX_M_35	201714.184339__CTX_M_5	201714.1945__CTX_M_6	201715.193247__CTX_M_141
20171-_38	201713.183611__OXY_1_6	201713.184522__OXY_1_1	201713.184548__OXY_1_4	201713.19041__OXY_6_1	201713.191213__OXY_1_3	201713.191942__OXY_5_1	201713.192916__OXY_4_1	201714.181156__OXY_6_2	201714.181632__OXY_6_3	201714.18277__OXY_6_4	201714.18552__OXY_5_2	201714.19318__OXY_1_2
20171-_39	201713.184028__CTX_M_123	201714.18205__CTX_M_64
20171-_4	2017116.202236__SRT_1	201715.192947__SRT_2
20171-_40	201713.184846__CTX_M_63	201713.185626__CTX_M_40	201714.18104__CTX_M_8
20171-_41	2017119.174955__OXY_2_5	201713.183645__OXY_2_2	201713.18475__OXY_2_4	201713.191922__OXY_2_1	201713.192047__OXY_2_3	201713.192456__OXY_2_7	201713.19254__OXY_2_6	201713.1925__OXY_2_10	201713.19402__OXY_2_9	201714.181334__OXY_2_8
20171-_42	201712.20122__HERA_6	201713.184443__HERA_1	201713.19163__HERA_8	201713.192716__HERA_2	201714.18155__HERA_4	201714.182439__HERA_5	201714.183626__HERA_3
20171-_43	201712.201445__GOB_17	201713.185657__GOB_16
20171-_44	201713.18362__OXA_SHE	201714.184846__OXA_55
20171-_45	201713.184654__CARB_9	201714.1908__CARB_7
20171-_46	201712.20198__tet_M_	201713.18563__tet_M_	201713.18595__tet_M_	201713.191635__tet_M_	201713.192343__tet_M_	201713.192653__tet_M_	201713.192757__tet_M_	201713.19292__tet_M_	201713.193332__tet_M_	201713.194218__tet_M_	201714.19421__tet_M_	201714.19924__tet_M_	201715.19106__tet_M_
20171-_47	201712.20758__GES_1	201713.18325__GES_12	201713.183412__GES_14	201713.18345__GES_16	201713.185427__GES_7	201713.185834__GES_6	201713.19206__GES_2	201713.193156__GES_3	201713.193851__GES_8	201713.19846__GES_18	201714.18203__GES_15	201714.18257__GES_4	201714.18338__GES_5	201714.183955__GES_20	201714.184218__GES_9	201714.184741__GES_11	201714.184816__GES_13	201714.184922__GES_22	201714.185147__GES_17	201714.19115__GES_21	201714.1935__GES_19	201714.19426__GES_10	201716.72321__GES_24	201716.7232__GES_26
20171-_48	2017116.19228__aac_3__IIa	201712.201334__aac_3__IIc	201713.183932__aac_3__IIe	201713.191025__aac_3__IIa	201713.19225__aac_3__IId
20171-_49	2017116.202528__LEN_11	2017116.20617__LEN_12	2017116.2082__LEN_9	201712.20123__LEN_5	201713.185847__LEN_15	201713.191029__LEN_24	201713.192931__LEN_20	201713.193559__LEN_25	201713.194248__LEN_2	201713.1954__LEN_18	201714.18102__LEN_23	201714.182024__LEN_26	201714.182234__LEN_1	201714.183459__LEN_16	201714.183632__LEN_19	201714.1839__LEN_17	201714.184248__LEN_22	201714.185824__LEN_21	201715.191948__LEN_13	201715.193451__LEN_4	201715.193653__LEN_8	201716.72452__LEN_3	201716.81014__LEN_7
20171-_5	201713.191336__cfrA	201714.18121__cfrA
20171-_50	201713.183015__tet_O_	201713.185131__tet_O_	201714.191051__tet_O_
20171-_51	201712.201048__OKP_A_16	201712.20139__OKP_B_18	201712.201738__OKP_A_2	201713.183148__OKP_B_1	201713.183156__OKP_A_4	201713.183425__OKP_A_12	201713.18367__OKP_B_13	201713.183719__OKP_B_8	201713.185422__OKP_A_5	201713.191541__OKP_B_4	201713.19177__OKP_B_20	201713.192338__OKP_B_10	201713.19256__OKP_B_2	201713.192623__OKP_A_9	201713.193231__OKP_A_7	201713.19335__OKP_B_7	201713.193835__OKP_A_11	201713.194025__OKP_B_5	201713.194046__OKP_B_17	201713.19936__OKP_A_14	201714.182151__OKP_B_6	201714.18218__OKP_A_6	201714.182334__OKP_A_10	201714.18294__OKP_A_8	201714.183235__OKP_A_3	201714.183729__OKP_B_9	201714.184012__OKP_A_15	201714.184611__OKP_A_13	201714.184937__OKP_B_11	201714.185349__OKP_A_1	201714.185355__OKP_B_19	201714.185739__OKP_B_3
20171-_52	201713.183833__tet_W_	201713.193146__tet_W_	201714.18201__tet_W_	201714.183831__tet_W_	201715.192737__tet_W_
20171-_53	201713.191845__BEL_1	201713.193823__BEL_3	201714.185834__BEL_2
20171-_54	201713.183347__sul2	201713.183928__sul2	201713.185118__sul2	201713.185927__sul2	201713.1918__sul2	201713.19252__sul2	201713.19307__sul2	201713.194244__sul2	201714.182339__sul2	201714.184313__sul2	201714.185142__sul2	201714.185335__sul2	201714.195__sul2
20171-_55	2017116.203017__blaZ	2017119.174936__blaZ	201713.191438__blaZ	201713.19219__blaZ	201714.182635__blaZ	201714.18477__blaZ
20171-_56	2017116.201331__OXA_397	2017116.203252__OXA_420	201713.19055__OXA_164	201713.191415__OXA_96	201713.192558__OXA_58	201714.183131__OXA_97
20171-_57	201714.19645__OXA_9	201715.19165__OXA_9
20171-_58	2017119.18115__strB	201712.20856__strB	201714.18132__strB
20171-_59	2017116.20131__OXA_362	2017116.201533__OXA_361	201713.192357__OXA_134	201714.184617__OXA_335	201715.192548__OXA_363
20171-_6	2017119.17555__rifampin_phosphotransferase	201715.193738__rifampin_phosphotransferase
20171-_60	201713.18568__OXA_356	201713.193127__OXA_228	201714.183141__OXA_257	201714.18361__OXA_355	201714.18565__OXA_230	201714.18592__OXA_229	201716.81354__OXA_418
20171-_61	2017116.192213__OXA_415	201713.184535__OXA_226	201713.184759__OXA_3	201713.18505__OXA_161	201713.185741__OXA_2	201713.191433__OXA_210	201713.192416__OXA_2	201713.193343__OXA_21	201713.193554__OXA_15	201713.19619__OXA_32	201714.19227__OXA_141	201716.72747__OXA_36
20171-_62	201712.20741__OXA_207	201712.20913__OXA_139	201712.20934__OXA_72	201712.2099__OXA_160	201713.19111__OXA_26	201714.185542__OXA_24	201714.185656__OXA_25
20171-_63	201712.20749__OXA_114	201713.191622__OXA_114	201713.19337__OXA_114	201713.1935__OXA_114	201714.181652__OXA_114	201714.182955__OXA_114	201716.7324__OXA_114a
20171-_64	201713.18433__OXA_143	201713.191823__OXA_253	201714.181015__OXA_255	201714.183155__OXA_182	201714.1955__OXA_231
20171-_65	201712.201557__OXA_211	201713.183019__OXA_212	201713.185723__OXA_309	201713.19646__OXA_333	201714.184958__OXA_334
20171-_66	2017116.201553__OXA_435	2017116.20201__OXA_366	2017116.202034__OXA_398	2017116.20262__OXA_423	201712.20135__OXA_239	201712.201428__OXA_168	201713.183057__OXA_171	201713.18323__OXA_49	201713.184658__OXA_27	201713.191056__OXA_225	201713.19134__OXA_23	201713.19138__OXA_167	201713.19246__OXA_133	201713.193724__OXA_146	201713.193734__OXA_170	201713.19837__OXA_73	201714.181531__OXA_166	201714.18189__OXA_165	201714.185043__OXA_169	201716.72934__OXA_422
20171-_67	201712.201839__OXA_331	201712.20729__OXA_332	201712.20921__OXA_327	201713.183632__OXA_350	201713.184037__OXA_330	201713.184438__OXA_213	201713.184531__OXA_329	201713.1849__OXA_323	201713.18553__OXA_328	201713.19112__OXA_326	201713.19147__OXA_324	201713.1946__OXA_352	201714.182313__OXA_351	201714.18252__OXA_358	201714.18261__OXA_357	201714.182835__OXA_354	201714.183032__OXA_348	201714.184022__OXA_359	201714.185158__OXA_322	201714.185314__OXA_349	201714.185625__OXA_353	201714.1903__OXA_325
20171-_68	201712.201159__OXA_60like	201713.192441__OXA_60	201713.19748__OXA_60like	201714.19556__OXA_60like
20171-_69	201712.201355__OXA_192	201712.20183__OXA_63	201713.192826__OXA_136	201714.182554__OXA_136	201714.19746__OXA_137
20171-_7	2017116.201741__aac_6PRIME__Ib8	201715.19359__aac_6PRIME__30_aac_6PRIME__IbPRIME
20171-_70	201712.20737__OXA_43	201713.191241__OXA_42	201714.18125__OXA_59	201714.183926__OXA_57
20171-_71	2017119.175415__strA	201713.18344__strA	201713.194349__strA	201713.19449__strA	201716.72546__aph_3PRIMEPRIME__Ib
20171-_72	201713.185449__OXA_5	201714.18124__OXA_129
20171-_73	2017116.201123__OXA_454	2017116.201256__OXA_233	2017116.202147__OXA_368	2017119.175522__OXA_14	201712.2081__OXA_56	201712.20852__OXA_147	201713.184054__OXA_183	201713.184333__OXA_19	201713.185232__OXA_246	201713.185922__OXA_13	201713.185957__OXA_28	201713.192436__OXA_11	201713.19316__OXA_142	201713.19409__OXA_256	201714.181416__OXA_13	201714.181854__OXA_240	201714.184115__OXA_7	201714.18412__OXA_251	201714.184652__OXA_74	201714.184856__OXA_35	201714.185957__OXA_10	201714.19551__OXA_145	201714.19826__OXA_101
20171-_74	201712.201044__VIM_30	201712.201249__VIM_16	201712.201322__VIM_6	201712.2086__VIM_34	201713.183218__VIM_12	201713.18348__VIM_4	201713.18425__VIM_20	201713.184829__VIM_1	201713.185044__VIM_38	201713.185122__VIM_29	201713.185445__VIM_17	201713.185944__VIM_36	201713.192146__VIM_3	201713.192421__VIM_10	201713.193445__VIM_23	201713.193616__VIM_28	201713.193625__VIM_14	201713.193841__VIM_27	201713.194057__VIM_5	201713.19651__VIM_31	201713.1973__VIM_19	201713.19918__VIM_2	201714.18167__VIM_9	201714.182141__VIM_26	201714.182524__VIM_25	201714.183319__VIM_8	201714.183715__VIM_24	201714.184718__VIM_37	201714.185453__VIM_18	201714.185547__VIM_15	201714.18561__VIM_35	201714.18954__VIM_33	201714.19417__VIM_11	201714.19929__VIM_32	201715.19235__VIM_39	201716.72527__VIM_43	201716.81631__VIM_42
20171-_75	201713.1978__OXA_20	201714.185753__OXA_37
20171-_76	2017116.201927__aadA7	201712.2018__aadA7
20171-_77	2017116.20261__OXA_199	201712.20133__OXA_181	201713.184939__OXA_163	201713.185953__OXA_247	201713.192425__OXA_48	201713.192533__OXA_204	201713.193051__OXA_232	201713.193317__OXA_244	201714.18381__OXA_162	201714.183915__OXA_245	201715.193551__OXA_370
20171-_78	201713.185436__ampS	201714.182114__ampH	201714.183552__ampH	201715.19193__OXA_12
20171-_79	201714.18184__aph_3PRIME__IIa	201715.1993__aph_3PRIME__IIa
20171-_8	2017116.203012__aadA	2017116.20729__aadA8	201713.191814__aadA2	201713.193118__aadA8	201713.19615__aadA3	201714.182513__aadA8b	201714.182729__aadA2
20171-_80	201713.183334__OXA_50like	201713.18333__OXA_50	201714.183344__OXA_50like	201714.184239__OXA_50like
20171-_81	201713.192141__aadA4	201714.1933__aadA5	201716.81625__aadA4
20171-_82	2017116.202355__aac_3__IV	201713.19107__aac_3__IVa
20171-_83	2017116.201114__ant_4PRIME__Ib	201713.192311__aadD
20171-_84	201712.201726__rmtB	201714.18359__rmtB2
20171-_85	2017116.201848__GIM_2	201714.182036__GIM_1
20171-_86	2017116.20859__ant_2PRIMEPRIME__Ia	201714.185248__aadB
20171-_87	201713.184041__B_3	201713.184159__B_14	201713.19722__B_11	201714.183637__B_2	201715.1925__blaB
20171-_88	201713.184615__cfiA1	201713.185914__cfiA14	201713.192127__cfiA4	201713.192248__cfiA8	201714.1819__cfiA9	201714.18265__cfiA10	201714.19431__cfiA13
20171-_89	201713.193021__B_13	201714.185749__B_12
20171-_9	2017116.20137__aadA25	2017119.17495__aadA	201712.20179__aadA23	201713.183958__aadA1	201713.185343__aadA17	201713.191016__aadA24	201713.191627__aadA12	201713.191828__aadA1	201713.193137__aadA1	201713.193814__aadA15	201714.182821__aadA1	201714.183028__aadA1	201714.184149__aadA21	201714.184954__aadA22	201715.192029__aadA11	201716.81526__aadA24
20171-_90	201713.18312__B_10	201713.185745__B_6	201713.194131__B_5	201714.181046__B_9	201714.19934__B_8
20171-_91	2017116.202316__IMP_13	201713.183854__IMP_20	201713.192347__IMP_13	201713.193819__IMP_2	201714.181517__IMP_8	201714.181849__IMP_33	201714.182223__IMP_37	201714.183429__IMP_24	201714.185722__IMP_19
20171-_92	2017116.202133__IMP_48	201712.201751__IMP_32	201714.182419__IMP_14	201714.19126__IMP_18
20171-_93	2017116.20533__MUS_2	201714.184722__MUS_1
20171-_94	201713.183247__IMP_38	201714.18455__IMP_4	201714.185819__IMP_26	201715.19934__IMP_25
20171-_95	201713.185418__IMP_29	201713.193211__IMP_16	201714.18222__IMP_25	201714.183014__IMP_9	201714.191037__IMP_22	201716.8152__IMP_45
20171-_96	201713.19355__IMP_35	201714.1927__IMP_31
20171-_97	2017116.201341__IMP_21	201712.20151__IMP_44	201713.183338__IMP_41	201714.19334__IMP_11
20171-_98	201712.2017__IND_2	201712.2093__IND_15	201713.1995__IND_11	201714.181933__IND_12	201714.184229__IND_2a
20171-_99	2017116.20631__qepA	201713.183359__qepA	201714.19532__qepA2
201711-	2017116.20195__catII	2017119.175858__catII
2017116	2017116.2065__ACC_3
2017116_1	2017116.202423__AQU_1
2017116_10	2017116.202956__LRA_2
2017116_11	2017116.20318__LRA_3
2017116_12	2017116.202936__LRA_9
2017116_13	2017116.2093__LRA_19
2017116_14	2017116.201538__LRA_1
2017116_15	2017116.201853__BJP_1
2017116_16	2017116.202247__TLE
2017116_17	2017116.202054__CTX_M_75	2017116.203257__CTX_M_74
2017116_18	2017116.2032__tet32
2017116_19	2017116.201524__ESP_1
2017116_2	2017116.202447__MSI_1
2017116_20	2017116.20273__CAU_1
2017116_21	2017116.202331__aph_3PRIME__IIc
2017116_22	2017116.203122__Sfh_1
2017116_23	2017116.201119__QnrC
2017116_24	2017116.20107__catB6
2017116_25	2017116.20353__dfrA1
2017116_26	2017116.20622__aac_6PRIME__Iih
2017116_27	2017116.203139__sat_3
2017116_28	2017116.202222__dfrF
2017116_29	2017116.20734__tet38
2017116_3	2017116.20152__FomB
2017116_30	2017116.201834__dfrC
2017116_31	2017116.20431__FosB
2017116_32	2017116.20189__aph_4__Ib
2017116_33	2017116.192129__tet_D_
2017116_34	2017116.20426__FosB
2017116_35	2017116.202726__FosA
2017116_36	2017116.202634__FosX
2017116_37	2017116.201214__ramA
2017116_38	2017116.201233__qacH
2017116_39	2017116.202227__gyrA__Pseudomonas_aeruginosa_
2017116_4	2017116.20282__LRA_5
2017116_40	2017116.2045__parE__Pseudomonas_aeruginosa_
2017116_41	2017116.20358__pmrB__Escherichia_coli_
2017116_42	2017116.20659__Mrx
2017116_43	2017116.192143__folP__Escherichia_coli_
2017116_44	2017116.192138__phoP__Pseudomonas_aeruginosa_
2017116_45	2017116.202748__acrR__klebsiella_pneumoniae_
2017116_46	2017116.20036__nalC__Pseudomonas_aeruginosa_
2017116_47	2017116.20263__ramR__Salmonella_enterica_
2017116_48	2017116.20045__mexR__Pseudomonas_aeruginosa_
2017116_49	2017116.192134__LRA_18
2017116_5	2017116.20845__THIN_B
2017116_50	2017116.202321__MOX_9
2017116_51	2017116.201412__CepS
2017116_6	2017116.20301__TLA_3
2017116_7	2017116.201844__LRA_8
2017116_8	2017116.203237__CTX_M_151
2017116_9	2017116.201151__LRA_7
2017119	2017119.17563__AmpC__Escherichia_coli_
2017119_1	2017119.175156__pmrB__Enterobacter_cloacae_
2017119_10	2017119.173619__FosX
2017119_11	2017119.18218__cmlB1
2017119_12	2017119.18737__fusB
2017119_13	2017119.17594__CARB_14
2017119_14	2017119.174913__phoQ__Klebsiella_pneumoniae_
2017119_15	2017119.174918__PhoQ__Enterobacter_cloacae_complex_
2017119_16	2017119.17584__phoQ__Escherichia_coli_
2017119_17	2017119.175152__pmrB__Klebsiella_pneumoniae_
2017119_18	2017119.173431__phoP__Escherichia_coli_
2017119_19	2017119.17499__phoP__Enterobacter_cloacae_complex_
2017119_2	2017119.175456__cphA1
2017119_20	2017119.17502__pmrA__Klebsiella_pneumoniae_
2017119_21	2017119.17482__pmrA__Escherichia_coli_
2017119_22	2017119.175015__pmrA___Enterobacter_cloacae_complex_
2017119_23	2017119.17361__cmlB
2017119_24	2017119.175148__mrgB__Klebsiella_pneumoniae_
2017119_25	2017119.175612__cml
2017119_26	2017119.18229__cmrA
2017119_27	2017119.17599__AER_14
2017119_3	2017119.175439__cphA2
2017119_4	2017119.17595__catI
2017119_5	2017119.17553__tet43	2017119.175925__tet43
2017119_6	2017119.175916__TetR_frame_shift	2017119.175921__TetR
2017119_7	2017119.173615__cat
2017119_8	2017119.17522__nimI
2017119_9	2017119.175225__nimE
201712	201712.201536__TLA_1
201712_1	201712.201652__CME_1
201712_10	201712.201232__fosA
201712_11	201712.201437__dfrA12
201712_12	201712.20111__nimD
201712_13	201712.201544__nimB
201712_14	201712.20819__ARR_7
201712_15	201712.20163__tet_U_
201712_2	201712.201813__RAHN_2
201712_3	201712.201648__OXY_3_1
201712_4	201712.201618__OXA_243
201712_5	201712.201433__OXA_258
201712_6	201712.20124__aph_3PRIME__Ib
201712_7	201712.1038__mcr_5
201712_8	201712.20161__cat
201712_9	201712.201458__dfrA26
201713	201713.191151__ACT_1
201713_1	201713.184342__DHA_2
201713_10	201713.194413__AST_1
201713_100	201713.18576__aac_3__Ib
201713_101	201713.19214__nimA
201713_102	201713.183936__dfrG
201713_103	201713.184812__nimJ
201713_104	201713.183459__dfrK	201713.184527__dfrK	201713.184636__dfrK
201713_105	201713.185555__nimC
201713_106	201713.18372__dfrA3
201713_107	201713.183343__aac_3__Ig
201713_108	201713.191554__aac_3__Id
201713_109	201713.183745__dfrA5
201713_11	201713.18387__SFC_1
201713_110	201713.184359__dfrA31	201713.19923__dfrA6
201713_111	201713.192548__aac_6PRIME__Iz
201713_112	201713.185551__aac_3__Ii
201713_113	201713.184917__ARR_5
201713_114	201713.192911__ARR_4
201713_115	201713.185321__aac_6PRIME__Ic
201713_116	201713.191456__aac_6PRIME__Ir
201713_117	201713.185617__fosA
201713_118	201713.193216__aac_6PRIME__Ig
201713_119	201713.193414__aac_6PRIME__Ik
201713_12	201713.183724__PER_6
201713_120	201713.19392__aac_6PRIME__Iad
201713_121	201713.184154__fosA
201713_122	201713.183945__fosC
201713_123	201713.192225__fosA
201713_124	201713.192122__fosA
201713_125	201713.184417__dfrB3
201713_126	201713.184851__dfrB7
201713_127	201713.183529__tet_V_
201713_128	201713.185524__pexA
201713_129	201713.18515__tet_31_
201713_13	201713.192411__PER_2
201713_130	201713.194052__tet_30_
201713_131	201713.183758__tet_41_
201713_132	201713.191913__tet_Z_
201713_14	201713.19213__otr_A_
201713_15	201713.192847__aph_6__Ib
201713_16	201713.185542__aph_2PRIMEPRIME__Ic
201713_17	201713.18298__mph_B_
201713_18	201713.191918__tetB_P_
201713_19	201713.184632__MAL_1	201713.19419__CKO_1
201713_2	201713.193923__tet_X_
201713_20	201713.18352__tet_T_	201713.19352__tet_T_
201713_21	201713.18583__hugA
201713_22	201713.191859__FAR_1
201713_23	201713.18294__aph_2PRIMEPRIMEPRIME__If
201713_24	201713.184058__tet_S_	201713.192638__tet_S_	201713.192711__tet_S_
201713_25	201713.18302__RAHN_1
201713_26	201713.18355__SED_1
201713_27	201713.183226__BIC_1
201713_28	201713.184641__FRI_1
201713_29	201713.182758__tet_36_
201713_3	201713.185027__oqxB
201713_30	201713.192647__blaA
201713_31	201713.183615__ERP_1
201713_32	201713.185114__aac_3__VIIa
201713_33	201713.191043__aadE
201713_34	201713.1994__aac_3__VIIIa
201713_35	201713.19927__OXA_62
201713_36	201713.18443__VCC_1
201713_37	201713.193031__ACI_1
201713_38	201713.19385__aadK
201713_39	201713.191322__str	201713.193621__str
201713_4	201713.19121__tet_35_
201713_40	201713.18321__aac_3__IXa
201713_41	201713.19356__rmtC
201713_42	201713.184742__tet_32_	201713.19142__tet_32_
201713_43	201713.18504__aac_3__IIIc
201713_44	201713.19433__aadA10
201713_45	201713.19268__SPM_1
201713_46	201713.192151__OXA_53
201713_47	201713.185727__OXA_22
201713_48	201713.192852__OXA_209
201713_49	201713.182745__lnu_F_	201713.183421__lnu_F_
201713_5	201713.191836__aph_4__Ia
201713_50	201713.1959__aac_3__IIIa
201713_51	201713.185157__sph	201713.19611__aph_3PRIME__IIc
201713_52	201713.191353__aph_3PRIME__Va
201713_53	201713.19349__aph_3PRIME__IIb
201713_54	201713.19522__VIM_13
201713_55	201713.184645__ort_B_	201713.19156__ort_B_
201713_56	201713.185245__aadA13
201713_57	201713.184755__aph_3PRIME__XV
201713_58	201713.194152__aph_3PRIME__III
201713_59	201713.185237__sul3
201713_6	201713.193645__cfxA6
201713_60	201713.185825__aph_3PRIME__Vb
201713_61	201713.193313__aadA14
201713_62	201713.185719__rmtf
201713_63	201713.192553__OXA_372
201713_64	201713.185644__aph_3PRIME__VIIa
201713_65	201713.183321__mcr_2
201713_66	201713.19019__TUS_1
201713_67	201713.18334__rmtD2	201713.19129__rmtD
201713_68	201713.18406__IMP_12
201713_69	201713.184133__IMP_27
201713_7	201713.185843__aph_9__Ib
201713_70	201713.19415__SIM_1
201713_71	201713.185228__aac_3__IIIb
201713_72	201713.19155__TMB_1	201713.191819__TMB_2
201713_73	201713.19037__IND_4
201713_74	201713.192334__CGB_1
201713_75	201713.185714__KHM_1
201713_76	201713.184325__IND_6
201713_77	201713.1913__IND_5
201713_78	201713.191523__IND_9
201713_79	201713.194127__EBR_1
201713_8	201713.185736__BRO_2	201713.193932__BRO_1
201713_80	201713.192156__aac_6PRIME__aph_2PRIMEPRIME_
201713_81	201713.18482__QnrB46
201713_82	201713.191631__cat86
201713_83	201713.185048__npmA
201713_84	201713.191236__QnrAS
201713_85	201713.193037__cat
201713_86	201713.18454__catB7
201713_87	201713.19232__catB9
201713_88	201713.191748__aac_6PRIME__IIc
201713_89	201713.191658__tet_L_
201713_9	201713.185612__BKC_1
201713_90	201713.19659__aac_6PRIME__Iai
201713_91	201713.194239__aacA43
201713_92	201713.183135__dfrA23
201713_93	201713.183841__dfrA24
201713_94	201713.191752__aac_6PRIME__Ia
201713_95	201713.18594__aac_6PRIME__I30	201713.191937__aac_6PRIME__33
201713_96	201713.192229__aac_6PRIME__IIa
201713_97	201713.19228__aac_6PRIME__Iae
201713_98	201713.185516__fosC
201713_99	201713.182847__aac_2PRIME__Ic
201714	201714.182529__CMY_98
201714_1	201714.185941__otr_C_
201714_10	201714.19521__BES_1
201714_11	201714.185213__CARB_4
201714_12	201714.19456__aadE
201714_13	201714.185018__PAM_1
201714_14	201714.181541__ant_6__Ib
201714_15	201714.184911__aac_3__Xa
201714_16	201714.183037__aadA16
201714_17	201714.183642__SMB_1
201714_18	201714.183314__OXA_214	201714.185536__OXA_215
201714_19	201714.19019__OXA_18
201714_2	201714.181658__aac_3__Ib_aac_6PRIME__Ib
201714_20	201714.1965__OXA_347
201714_21	201714.183259__rmtE
201714_22	201714.181116__aph_3PRIMEPRIME__Ia
201714_23	201714.184037__penA
201714_24	201714.1922__aph_3PRIME__Id
201714_25	201714.185229__aac_3__IIb
201714_26	201714.185123__aph_3PRIME__VIII
201714_27	201714.182945__aph_6__Ic
201714_28	201714.1999__OXA_29
201714_29	201714.181111__VIM_7
201714_3	201714.183557__aph_9__Ia
201714_30	201714.181136__OXA_54
201714_31	201714.185645__OXA_436
201714_32	201714.181914__rmtG
201714_33	201714.184552__aph_3PRIME__Vc
201714_34	201714.19445__OXA_45
201714_35	201714.181616__OXA_198
201714_36	201714.185234__aph_3PRIME__IV
201714_37	201714.181055__spc
201714_38	201714.183756__NPS	201714.18433__LCR_1
201714_39	201714.182625__OXA_61
201714_4	201714.183135__DES_1
201714_40	201714.182917__armA
201714_41	201714.184444__aadD2
201714_42	201714.183522__OXA_85
201714_43	201714.19546__aph_3PRIMEPRIME__Ic
201714_44	201714.185239__ant_4PRIME__IIa
201714_45	201714.181026__rmtA
201714_46	201714.184713__DIM_1
201714_47	201714.19329__ant_4PRIME__IIb
201714_48	201714.181211__JOHN_1
201714_49	201714.181924__IND_3	201714.183647__IND_14
201714_5	201714.181324__PME_1
201714_50	201714.18283__IND_10	201714.19253__IND_8
201714_51	201714.182214__cat
201714_52	201714.181546__catQ
201714_53	201714.18541__aac_6PRIME__Ie_aph_2PRIMEPRIME__Ia
201714_54	201714.183518__catB
201714_55	201714.183547__fexA
201714_56	201714.184355__cat
201714_57	201714.181051__aac_2PRIME__Id
201714_58	201714.181642__catB10
201714_59	201714.185345__catB1
201714_6	201714.184144__ROB_1
201714_60	201714.185615__aac_2PRIME__Ib
201714_61	201714.183339__dfrA10
201714_62	201714.18298__aac_6PRIME_
201714_63	201714.183513__aac
201714_64	201714.184622__aac_6PRIME__32
201714_65	201714.19915__aac_2PRIME__Ie
201714_66	201714.18596__aac_6PRIME__IIb
201714_67	201714.183951__dfrA9
201714_68	201714.184826__dfrA8
201714_69	201714.184811__dfrA3b
201714_7	201714.18116__AER_1
201714_70	201714.181421__dfrA28	201714.182434__dfrA27
201714_71	201714.183019__dfrA32
201714_72	201714.18558__aac_6PRIME__Isa
201714_73	201714.18583__dfrA29
201714_74	201714.1938__aac_3__Ic
201714_75	201714.185551__aac_3__If
201714_76	201714.19101__cmlV
201714_77	201714.18584__tet_34_
201714_78	201714.181356__aac_3__Ih
201714_79	201714.181824__dfrA25
201714_8	201714.182349__aph_2PRIMEPRIME__Ih
201714_80	201714.181436__tet_42_
201714_81	201714.185416__aac_6PRIME__Id
201714_82	201714.182344__aac_6PRIME__Iw
201714_83	201714.18411__aac_6PRIME_
201714_84	201714.18491__aac_6PRIME__Ij
201714_85	201714.181839__aac_6PRIME__If
201714_86	201714.182146__fosA
201714_87	201714.184244__fosA
201714_88	201714.18416__aac_6PRIME_
201714_89	201714.18162__tetA_P_	201714.19232__tetA_P_
201714_9	201714.183532__LUT_1
201714_90	201714.19117__tet_37_
201714_91	201714.181919__dfrB4
201714_92	201714.182752__dfrB2
201714_93	201714.182926__tet_D_	201714.1986__tet_D_
201714_94	201714.184424__oqxA
201714_95	201714.185744__cmrA
201715	201715.193618__LRA_10
201715_1	201715.19249__EXO
201715_10	201715.192258__CPS_1
201715_11	201715.192811__GES_23
201715_12	201715.193436__PEDO_1
201715_13	201715.19234__PEDO_2
201715_14	201715.192821__sgm
201715_15	201715.193144__apmA
201715_16	201715.192742__MSI_OXA
201715_17	201715.193356__FomA
201715_18	201715.192927__tsnr
201715_19	201715.192046__BcII
201715_2	201715.193658__aph_2PRIMEPRIME__Ig
201715_20	201715.193413__SLB_1
201715_21	201715.193149__OXA_184
201715_22	201715.192437__SFB_1
201715_23	201715.192118__qacB	201715.192138__qacA
201715_24	201715.19269__ant_9__Ia
201715_25	201715.192826__aac_6PRIME__Iid
201715_26	201715.192719__sat_4
201715_27	201715.192758__sat_1
201715_28	201715.193322__dfrA20
201715_29	201715.191716__aac_6PRIME__Iak
201715_3	201715.191533__TLA_2
201715_30	201715.193531__ARR_8
201715_31	201715.19348__FosK
201715_32	201715.19919__blaI
201715_33	201715.193526__RbpA
201715_34	201715.19197__rpoB__Escherichia_coli_
201715_35	201715.191017__gyrA__Campylobacter_jejuni_
201715_36	201715.191156__parC__Haemophilus_parainfluenzae_
201715_37	201715.191742__pmrB___Pseudomonas_aeruginosa_
201715_38	201715.19291__uhpT__Escherichia_coli_
201715_39	201715.193721__omp36__Enterobacter_aerogenes_
201715_4	201715.191544__r39
201715_40	201715.192324__LpxA__Acinetobacter_baumanii_
201715_41	201715.191848__acrR__Enterobacter_aerogenes_
201715_42	201715.192647__acrR__Escherichia_coli_
201715_43	201715.191722__ramR__Klebsiella_pneumoniae_
201715_44	201715.192154__soxR__Escherichia_coli_
201715_45	201715.191712__marR__Escherichia_coli_
201715_5	201715.193029__AIM_1
201715_6	201715.193316__Rm3
201715_7	201715.191539__NmcR
201715_8	201715.191415__LRA_17
201715_9	201715.19292__LRA_12
201716	201716.81146__PER_5
201716_1	201716.72423__aph_9__Ia
201716_10	201716.7235__aac_6PRIME__Ib7
201716_11	201716.72541__spd
201716_12	201716.81123__PEDO_3
201716_13	201716.81227__mfpA
201716_14	201716.7314__aac_6PRIME__Ib_SK
201716_15	201716.81649__gyrA__Haemophilus_parainfluenzae_
201716_16	201716.73121__phoQ__Pseudomonas_aeruginosa_
201716_17	201716.8103__oprD__Pseudomonas_aeruginosa_
201716_18	201716.7295__LpxC__Acinetobacter_baumanii_
201716_19	201716.7283__pmrA___Pseudomonas_aeruginosa_
201716_2	201716.724__mph_E_
201716_3	201716.81249__dfrE
201716_4	201716.8163__CblA_1
201716_5	201716.72613__NPS
201716_6	201716.73232__SPG_1
201716_7	201716.72916__LRA_13
201716_8	201716.81117__blaR1
201716_9	201716.81157__OXA_421
201724	201724.19188__gyrA__Escherichia_coli_
201724_1	201724.203143__gyrB__Escherichia_coli_
201724_2	201724.192657__parC__Escherichia_coli_
201724_3	201724.191953__parE__Escherichia_coli_
2017281	2017281.120001__gyrA__Enterobacter_cloacae_complex_
2017281_1	2017281.130001__parC__Citrobacter_freundii_
2017281_10	2017281.123001__parE__Enterobacter_cloacae_complex_
2017281_11	2017281.125907__parE__Citrobacter_freundii_
2017281_2	2017281.125901__gyrA__Citrobacter_freundii_
2017281_3	2017281.105401__gyrA__Klebsiella_pneumoniae_
2017281_4	2017281.105601__gyrB__Klebsiella_pneumoniae_
2017281_5	2017281.125905__gyrB__Citrobacter_freundii_
2017281_6	2017281.120701__gyrB__Enterobacter_cloacae_complex_
2017281_7	2017281.105801__parC__Klebsiella_pneumoniae_
2017281_8	2017281.123101__parC__Enterobacter_cloacae_complex_
2017281_9	2017281.110001__parE__Klebsiella_pneumoniae_
2017323	2017323.92201__crrA__Klebsiella_pneumoniae_
2017323_1	2017323.92203__crrB__Klebsiella_pneumoniae_
201762-	2017621.00003__fusA1__Escherichia_coli_	2017622.00004__fusA1__Klebsiella_pneumoniae_	2017622.00005__fusA1__Enterobacter_aerogenes_	2017623.00006__fusA1__Enterobacter_cloacae_complex_
2017620	2017620.00001__qnrE1
2017620_1	2017620.00002__fusA1__Pseudomonas_aeruginosa_
201772	201772.143025__rphB
201772_1	201772.152712__tetA_48_
201772_10	201772.14231__tetA_60_
201772_11	201772.144843__lnuG
201772_12	201772.14858__tetB_60_
201772_13	201772.14223__aph_3PRIME__IX
201772_14	201772.16038__ant_3PRIMEPRIME__IIb
201772_15	201772.135453__aph_3PRIME__VIII
201772_16	201772.141425__ant_3PRIMEPRIME__IIc
201772_17	201772.141952__rmtH
201772_18	201772.145335__HMB_1_beta_lactamase
201772_19	201772.14457__aac_2PRIME__IIb
201772_2	201772.141239__aph_7PRIMEPRIME__Ia
201772_20	201772.151522__CatU
201772_21	201772.14442__VatI
201772_22	201772.15114__aac_6PRIME__34
201772_23	201772.152818__aac_6PRIME__Iaj
201772_24	201772.151335__aac_6PRIME__Ii
201772_25	201772.13585__aac_2PRIME__Ia
201772_26	201772.144249__aac_6PRIME__Ip
201772_27	201772.144733__cpaA
201772_28	201772.151627__nfsA__Escherichia_coli_
201772_29	201772.151459__soxR__Salmonella_enterica_
201772_3	201772.14581__BahA
201772_30	201772.155937__rrsD__Salmonella_enterica_
201772_31	201772.133436__rrsB__Escherichia_coli_	201772.14571__rrsH__Escherichia_coli_	201772.152212__rrsC__escherichia_coli_
201772_4	201772.14726__mphI
201772_5	201772.15138__VgbC
201772_6	201772.143836__mphG
201772_7	201772.15344__mphD
201772_8	201772.152237__LlmA_23S_ribosomal
201772_9	201772.15433__tetB_48_
201779	201779.00509__mcr_3
2017817	2017817.00001__mcr_4
201812	201812.0005__ompC__Escherichia_coli_AE014075_
201812_1	201812.0016__ompK36__Klebsiella_pneumoniae_ATCC13883_
201812_10	201812.0011__envZ__Enterobacter_cloacae_
201812_11	201812.0012__envZ__Klebsiella_pneumoniae_NC_012731_	201812.0013__envZ__Klebsiella_pneumoniae_ATCC13883_
201812_12	201812.0002__envZ__Escherichia_coli_AE014075_	201812.0003__envZ__Escherichia_coli_NC_011745_	201812.0004__envZ__Escherichia_coli_K12_
201812_2	201812.0006__ompC__Escherichia_coli_K12_
201812_3	201812.0017__ompK36__Klebsiella_pneumoniae_NC_012731_
201812_4	201812.0009__ompC__Enterobacter_cloacae_
201812_5	201812.0018__ompK35__Klebsiella_pneumoniae_NC_012731_	201812.0019__ompK35__Klebsiella_pneumoniae_ATCC13883_
201812_6	201812.001__ompF__Enterobacter_cloacae_
201812_7	201812.0014__ompR__Klebsiella_pneumoniae_NC_012731_
201812_8	201812.0007__ompR__Escherichia_coli_K12_
201812_9	201812.0008__ompR__Enterobacter_cloacae_
201813	201813.0001__P_OXY__Klebsiella_oxytoca_
201813_1	201813.0002__P3_TEM	201813.0003__P4_TEM	201813.0004__P5_TEM	201813.0005__PaPb_TEM
201813_2	201813.0009__weak_P_SHV_LEN	201813.001__strong_P_SHV_LEN
201813_3	201813.0011__P_SHV_2a
201813_4	201813.0006__P_ampC__Escherichia_coli_	201813.0007__Pi_13_ampC__Escherichia_coli_	201813.0008__Pi_15_ampC__Escherichia_coli_
